0 0000000000000000000000000000000000000000000000000000000000000000000000000000000000000000000000000000000000000000000000000000000000000000000000000000000000000000000000000000000000000000000000000000000000000000000000000000000000000000000000000000000000000000000000000000000000000000000000000000000000000000000000000000000000000000000000000000000000000000000000000000000000000000000000000000000000000000000000000000000000000000000000000000000000000000000000000000000000000000000000000000000000000000000000000000000000000000000000000000000000000000000000000000000000000000001 1010100110001000110101100001011001001100011011001110100011100010010001111000110110011101111010011110010011010111001100101111010111001001001001010100110010010110110100101001000100111011000101010000010110100111010010110111110000010011110110011011010011001101010011101000110011010110001001100111100010111111000001011101101010000110011001011010101110111110010010100010010010110110011101000101011001111100100011110001010000000010011100001011011010011001000110001001101100111110011001101111111001100011001011110000110000010111100110100011010110110111011000111100110011001001111 1010100110001000110101100001011001001100011011001110100011100010010001111000110110011101111010011110010011010111001100101111010111001001001001010100110010010110110100101001000100111011000101010000010110100111010010110111110000010011110110011011010011001101010011101000110011010110001001100111100010111111000001011101101010000110011001011010101110111110010010100010010010110110011101000101011001111100100011110001010000000010011100001011011010011001000110001001101100111110011001101111111001100011001011110000110000010111100110100011010110110111011000111100110011001001110
1 0000000000000000000000000000000000000000000000000000000000000000000000000000000000000000000000000000000000000000000000000000000000000000000000000000000000000000000000000000000000000000000000000000000000000000000000000000000000000000000000000000000000000000000000000000000000000000000000000000000000000000000000000000000000000000000000000000000000000000000000000000000000000000000000000000000000000000000000000000000000000000000000000000000000000000000000000000000000000000000000000000000000000000000000000000000000000000000000000000000000000000000000000000000000000000001 0000000000000000000000000000000000000000000000000000000000000000000000000000000000000000000000000000000000000000000000000000000000000000000000000000000000000000000000000000000000000000000000000000000000000000000000000000000000000000000000000000000000000000000000000000000000000000000000000000000000000000000000000000000000000000000000000000000000000000000000000000000000000000000000000000000000000000000000000000000000000000000000000000000000000000000000000000000000000000000000000000000000000000000000000000000000000000000000000000000000000000000000000000000000000000000 0000000000000000000000000000000000000000000000000000000000000000000000000000000000000000000000000000000000000000000000000000000000000000000000000000000000000000000000000000000000000000000000000000000000000000000000000000000000000000000000000000000000000000000000000000000000000000000000000000000000000000000000000000000000000000000000000000000000000000000000000000000000000000000000000000000000000000000000000000000000000000000000000000000000000000000000000000000000000000000000000000000000000000000000000000000000000000000000000000000000000000000000000000000000000000001
2 0000000000000000000000000000000000000000000000000000000000000000000000000000000000000000000000000000000000000000000000000000000000000000000000000000000000000000000000000000000000000000000000000000000000000000000000000000000000000000000000000000000000000000000000000000000000000000000000000000000000000000000000000000000000000000000000000000000000000000000000000000000000000000000000000000000000000000000000000000000000000000000000000000000000000000000000000000000000000000000000000000000000000000000000000000000000000000000000000000000000000000000000000000000000000000001 1010100110001000110101100001011001001100011011001110100011100010010001111000110110011101111010011110010011010111001100101111010111001001001001010100110010010110110100101001000100111011000101010000010110100111010010110111110000010011110110011011010011001101010011101000110011010110001001100111100010111111000001011101101010000110011001011010101110111110010010100010010010110110011101000101011001111100100011110001010000000010011100001011011010011001000110001001101100111110011001101111111001100011001011110000110000010111100110100011010110110111011000111100110011001001111 1010100110001000110101100001011001001100011011001110100011100010010001111000110110011101111010011110010011010111001100101111010111001001001001010100110010010110110100101001000100111011000101010000010110100111010010110111110000010011110110011011010011001101010011101000110011010110001001100111100010111111000001011101101010000110011001011010101110111110010010100010010010110110011101000101011001111100100011110001010000000010011100001011011010011001000110001001101100111110011001101111111001100011001011110000110000010111100110100011010110110111011000111100110011001001111
3 0000000000000000000000000000000000000000000000000000000000000000000000000000000000000000000000000000000000000000000000000000000000000000000000000000000000000000000000000000000000000000000000000000000000000000000000000000000000000000000000000000000000000000000000000000000000000000000000000000000000000000000000000000000000000000000000000000000000000000000000000000000000000000000000000000000000000000000000000000000000000000000000000000000000000000000000000000000000000000000000000000000000000000000000000000000000000000000000000000000000000000000000000000000000000000001 0000000000000000000000000000000000000000000000000000000000000000000000000000000000000000000000000000000000000000000000000000000000000000000000000000000000000000000000000000000000000000000000000000000000000000000000000000000000000000000000000000000000000000000000000000000000000000000000000000000000000000000000000000000000000000000000000000000000000000000000000000000000000000000000000000000000000000000000000000000000000000000000000000000000000000000000000000000000000000000000000000000000000000000000000000000000000000000000000000000000000000000000000000000000000000000 0000000000000000000000000000000000000000000000000000000000000000000000000000000000000000000000000000000000000000000000000000000000000000000000000000000000000000000000000000000000000000000000000000000000000000000000000000000000000000000000000000000000000000000000000000000000000000000000000000000000000000000000000000000000000000000000000000000000000000000000000000000000000000000000000000000000000000000000000000000000000000000000000000000000000000000000000000000000000000000000000000000000000000000000000000000000000000000000000000000000000000000000000000000000000000001
0 0000000000000000000000000000000000000000000000000000000000000000000000000000000000000000000000000000000000000000000000000000000000000000000000000000000000000000000000000000000000000000000000000000000000000000000000000000000000000000000000000000000000000000000000000000000000000000000000000000000000000000000000000000000000000000000000000000000000000000000000000000000000000000000000000000000000000000000000000000000000000000000000000000000000000000000000000000000000000000000000000000000000000000000000000000000000000000000000000000000000000000000000000000000000000000010 0101001000001000010111110000100011011011101100111001111001010011100101011100100011111110010101110100111000011100011000110100001111010100000011010001011011101100110100001010011011111101101101110010100010000011010100101010001111011001000000101111101111011010111111111001000000010001111111110111101110111010010110011111001000010101011011110010011111101111010000010011110000111110010000010111100001100001001111101110010001001011001101100010011100110000000000001110001001110010111001000001001011010110001111111101100010011110000001100000011001101011010100111000101011110111110 0101001000001000010111110000100011011011101100111001111001010011100101011100100011111110010101110100111000011100011000110100001111010100000011010001011011101100110100001010011011111101101101110010100010000011010100101010001111011001000000101111101111011010111111111001000000010001111111110111101110111010010110011111001000010101011011110010011111101111010000010011110000111110010000010111100001100001001111101110010001001011001101100010011100110000000000001110001001110010111001000001001011010110001111111101100010011110000001100000011001101011010100111000101011110111100
1 0000000000000000000000000000000000000000000000000000000000000000000000000000000000000000000000000000000000000000000000000000000000000000000000000000000000000000000000000000000000000000000000000000000000000000000000000000000000000000000000000000000000000000000000000000000000000000000000000000000000000000000000000000000000000000000000000000000000000000000000000000000000000000000000000000000000000000000000000000000000000000000000000000000000000000000000000000000000000000000000000000000000000000000000000000000000000000000000000000000000000000000000000000000000000000010 0000000000000000000000000000000000000000000000000000000000000000000000000000000000000000000000000000000000000000000000000000000000000000000000000000000000000000000000000000000000000000000000000000000000000000000000000000000000000000000000000000000000000000000000000000000000000000000000000000000000000000000000000000000000000000000000000000000000000000000000000000000000000000000000000000000000000000000000000000000000000000000000000000000000000000000000000000000000000000000000000000000000000000000000000000000000000000000000000000000000000000000000000000000000000000000 0000000000000000000000000000000000000000000000000000000000000000000000000000000000000000000000000000000000000000000000000000000000000000000000000000000000000000000000000000000000000000000000000000000000000000000000000000000000000000000000000000000000000000000000000000000000000000000000000000000000000000000000000000000000000000000000000000000000000000000000000000000000000000000000000000000000000000000000000000000000000000000000000000000000000000000000000000000000000000000000000000000000000000000000000000000000000000000000000000000000000000000000000000000000000000100
2 0000000000000000000000000000000000000000000000000000000000000000000000000000000000000000000000000000000000000000000000000000000000000000000000000000000000000000000000000000000000000000000000000000000000000000000000000000000000000000000000000000000000000000000000000000000000000000000000000000000000000000000000000000000000000000000000000000000000000000000000000000000000000000000000000000000000000000000000000000000000000000000000000000000000000000000000000000000000000000000000000000000000000000000000000000000000000000000000000000000000000000000000000000000000000000010 0101001000001000010111110000100011011011101100111001111001010011100101011100100011111110010101110100111000011100011000110100001111010100000011010001011011101100110100001010011011111101101101110010100010000011010100101010001111011001000000101111101111011010111111111001000000010001111111110111101110111010010110011111001000010101011011110010011111101111010000010011110000111110010000010111100001100001001111101110010001001011001101100010011100110000000000001110001001110010111001000001001011010110001111111101100010011110000001100000011001101011010100111000101011110111110 1010010000010000101111100001000110110111011001110011110010100111001010111001000111111100101011101001110000111000110001101000011110101000000110100010110111011001101000010100110111111011011011100101000100000110101001010100011110110010000001011111011110110101111111110010000000100011111111101111011101110100101100111110010000101010110111100100111111011110100000100111100001111100100000101111000011000010011111011100100010010110011011000100111001100000000000011100010011100101110010000010010110101100011111111011000100111100000011000000110011010110101001110001010111101111100
3 0000000000000000000000000000000000000000000000000000000000000000000000000000000000000000000000000000000000000000000000000000000000000000000000000000000000000000000000000000000000000000000000000000000000000000000000000000000000000000000000000000000000000000000000000000000000000000000000000000000000000000000000000000000000000000000000000000000000000000000000000000000000000000000000000000000000000000000000000000000000000000000000000000000000000000000000000000000000000000000000000000000000000000000000000000000000000000000000000000000000000000000000000000000000000000010 0000000000000000000000000000000000000000000000000000000000000000000000000000000000000000000000000000000000000000000000000000000000000000000000000000000000000000000000000000000000000000000000000000000000000000000000000000000000000000000000000000000000000000000000000000000000000000000000000000000000000000000000000000000000000000000000000000000000000000000000000000000000000000000000000000000000000000000000000000000000000000000000000000000000000000000000000000000000000000000000000000000000000000000000000000000000000000000000000000000000000000000000000000000000000000000 1000000000000000000000000000000000000000000000000000000000000000000000000000000000000000000000000000000000000000000000000000000000000000000000000000000000000000000000000000000000000000000000000000000000000000000000000000000000000000000000000000000000000000000000000000000000000000000000000000000000000000000000000000000000000000000000000000000000000000000000000000000000000000000000000000000000000000000000000000000000000000000000000000000000000000000000000000000000000000000000000000000000000000000000000000000000000000000000000000000000000000000000000000000001000010010
0 0000000000000000000000000000000000000000000000000000000000000000000000000000000000000000000000000000000000000000000000000000000000000000000000000000000000000000000000000000000000000000000000000000000000000000000000000000000000000000000000000000000000000000000000000000000000000000000000000000000000000000000000000000000000000000000000000000000000000000000000000000000000000000000000000000000000000000000000000000000000000000000000000000000000000000000000000000000000000000000000000000000000000000000000000000000000000000000000000000000000000000000000000000000000000000011 0101001010110111001110111011100110011011000010111110010000000010001001010100111101001100111101011001111110010100101011101010000100100011000011010111011101011010010110010000010100110110110111111100010011111001011100010101010011111010110101101100001011010001111100101001110110100010010011001100101101011011010010001111100000011100110110010000101001101011100010001010111011111011010100011000111010000100101111100010110011110101000010010011111000001101010111111001000101111101000101111100111101110010111111110111010111001110100010010101001001000111000010111000111100100001110 0101001010110111001110111011100110011011000010111110010000000010001001010100111101001100111101011001111110010100101011101010000100100011000011010111011101011010010110010000010100110110110111111100010011111001011100010101010011111010110101101100001011010001111100101001110110100010010011001100101101011011010010001111100000011100110110010000101001101011100010001010111011111011010100011000111010000100101111100010110011110101000010010011111000001101010111111001000101111101000101111100111101110010111111110111010111001110100010010101001001000111000010111000111100100001101
1 0000000000000000000000000000000000000000000000000000000000000000000000000000000000000000000000000000000000000000000000000000000000000000000000000000000000000000000000000000000000000000000000000000000000000000000000000000000000000000000000000000000000000000000000000000000000000000000000000000000000000000000000000000000000000000000000000000000000000000000000000000000000000000000000000000000000000000000000000000000000000000000000000000000000000000000000000000000000000000000000000000000000000000000000000000000000000000000000000000000000000000000000000000000000000000011 0000000000000000000000000000000000000000000000000000000000000000000000000000000000000000000000000000000000000000000000000000000000000000000000000000000000000000000000000000000000000000000000000000000000000000000000000000000000000000000000000000000000000000000000000000000000000000000000000000000000000000000000000000000000000000000000000000000000000000000000000000000000000000000000000000000000000000000000000000000000000000000000000000000000000000000000000000000000000000000000000000000000000000000000000000000000000000000000000000000000000000000000000000000000000000000 0000000000000000000000000000000000000000000000000000000000000000000000000000000000000000000000000000000000000000000000000000000000000000000000000000000000000000000000000000000000000000000000000000000000000000000000000000000000000000000000000000000000000000000000000000000000000000000000000000000000000000000000000000000000000000000000000000000000000000000000000000000000000000000000000000000000000000000000000000000000000000000000000000000000000000000000000000000000000000000000000000000000000000000000000000000000000000000000000000000000000000000000000000000000000000101
2 0000000000000000000000000000000000000000000000000000000000000000000000000000000000000000000000000000000000000000000000000000000000000000000000000000000000000000000000000000000000000000000000000000000000000000000000000000000000000000000000000000000000000000000000000000000000000000000000000000000000000000000000000000000000000000000000000000000000000000000000000000000000000000000000000000000000000000000000000000000000000000000000000000000000000000000000000000000000000000000000000000000000000000000000000000000000000000000000000000000000000000000000000000000000000000011 0101001010110111001110111011100110011011000010111110010000000010001001010100111101001100111101011001111110010100101011101010000100100011000011010111011101011010010110010000010100110110110111111100010011111001011100010101010011111010110101101100001011010001111100101001110110100010010011001100101101011011010010001111100000011100110110010000101001101011100010001010111011111011010100011000111010000100101111100010110011110101000010010011111000001101010111111001000101111101000101111100111101110010111111110111010111001110100010010101001001000111000010111000111100100001110 1111011111011001010011001100101010101101000111000010110000000110011011111101000111010101000111101010000010111101111100111110001101100101000101111001100111101110111010110000111101011011011000000100110100001011100100111111110100001111011110110100011101110010000101111010011011100110110101010101110111101101110110010000100000100101011010110001111010111100100110011111001100001101111100101001001110001101110000100111010100011111000110110100001000010111111000001011001110000111001110000101000110010111000000011001111001010011100110111111011011001001000111001001000101100010010
3 0000000000000000000000000000000000000000000000000000000000000000000000000000000000000000000000000000000000000000000000000000000000000000000000000000000000000000000000000000000000000000000000000000000000000000000000000000000000000000000000000000000000000000000000000000000000000000000000000000000000000000000000000000000000000000000000000000000000000000000000000000000000000000000000000000000000000000000000000000000000000000000000000000000000000000000000000000000000000000000000000000000000000000000000000000000000000000000000000000000000000000000000000000000000000000011 0000000000000000000000000000000000000000000000000000000000000000000000000000000000000000000000000000000000000000000000000000000000000000000000000000000000000000000000000000000000000000000000000000000000000000000000000000000000000000000000000000000000000000000000000000000000000000000000000000000000000000000000000000000000000000000000000000000000000000000000000000000000000000000000000000000000000000000000000000000000000000000000000000000000000000000000000000000000000000000000000000000000000000000000000000000000000000000000000000000000000000000000000000000000000000000 1111111111111111111111111111111111111111111111111111111111111111111111111111111111111111111111111111111111111111111111111111111111111111111111111111111111111111111111111111111111111111111111111111111111111111111111111111111111111111111111111111111111111111111111111111111111111111111111111111111111111111111111111111111111111111111111111111111111111111111111111111111111111111111111111111111111111111111111111111111111111111111111111111111111111111111111111111111111111111111111111111111111111111111111111111111111111111111111111111111111111111111111111111111110000011100
0 1000000000000000000000000000000000000000000000000000000000000000000000000000000000000000000000000000000000000000000000000000000000000000000000000000000000000000000000000000000000000000000000000000000000000000000000000000000000000000000000000000000000000000000000000000000000000000000000000000000000000000000000000000000000000000000000000000000000000000000000000000000000000000000000000000000000000000000000000000000000000000000000000000000000000000000000000000000000000000000000000000000000000000000000000000000000000000000000000000000000000000000000000000000000000000000 0100101011101001110001100110111111110000111010100100010001101011001011000111000001010110001000101000110101101110101111110011011110010001100010110010111101010101010101000011110100001111011111000001111100100111011010101101100111011011111111100001100110010110100110011001001110100000001100101010000011111001000111011001011100011000111000000101101001100000000100001011101100110111101111111001101100010001011011001100011100010001000111110100110011001001001101111010000010111110111001010010011111101000010111110100010101100010000101101111111011001111111010101100000011010001011 1100101011101001110001100110111111110000111010100100010001101011001011000111000001010110001000101000110101101110101111110011011110010001100010110010111101010101010101000011110100001111011111000001111100100111011010101101100111011011111111100001100110010110100110011001001110100000001100101010000011111001000111011001011100011000111000000101101001100000000100001011101100110111101111111001101100010001011011001100011100010001000111110100110011001001001101111010000010111110111001010010011111101000010111110100010101100010000101101111111011001111111010101100000011010001011
1 1000000000000000000000000000000000000000000000000000000000000000000000000000000000000000000000000000000000000000000000000000000000000000000000000000000000000000000000000000000000000000000000000000000000000000000000000000000000000000000000000000000000000000000000000000000000000000000000000000000000000000000000000000000000000000000000000000000000000000000000000000000000000000000000000000000000000000000000000000000000000000000000000000000000000000000000000000000000000000000000000000000000000000000000000000000000000000000000000000000000000000000000000000000000000000000 0000000000000000000000000000000000000000000000000000000000000000000000000000000000000000000000000000000000000000000000000000000000000000000000000000000000000000000000000000000000000000000000000000000000000000000000000000000000000000000000000000000000000000000000000000000000000000000000000000000000000000000000000000000000000000000000000000000000000000000000000000000000000000000000000000000000000000000000000000000000000000000000000000000000000000000000000000000000000000000000000000000000000000000000000000000000000000000000000000000000000000000000000000000000000000000 0100000000000000000000000000000000000000000000000000000000000000000000000000000000000000000000000000000000000000000000000000000000000000000000000000000000000000000000000000000000000000000000000000000000000000000000000000000000000000000000000000000000000000000000000000000000000000000000000000000000000000000000000000000000000000000000000000000000000000000000000000000000000000000000000000000000000000000000000000000000000000000000000000000000000000000000000000000000000000000000000000000000000000000000000000000000000000000000000000000000000000000000001000000000000001101
2 1000000000000000000000000000000000000000000000000000000000000000000000000000000000000000000000000000000000000000000000000000000000000000000000000000000000000000000000000000000000000000000000000000000000000000000000000000000000000000000000000000000000000000000000000000000000000000000000000000000000000000000000000000000000000000000000000000000000000000000000000000000000000000000000000000000000000000000000000000000000000000000000000000000000000000000000000000000000000000000000000000000000000000000000000000000000000000000000000000000000000000000000000000000000000000000 0100101011101001110001100110111111110000111010100100010001101011001011000111000001010110001000101000110101101110101111110011011110010001100010110010111101010101010101000011110100001111011111000001111100100111011010101101100111011011111111100001100110010110100110011001001110100000001100101010000011111001000111011001011100011000111000000101101001100000000100001011101100110111101111111001101100010001011011001100011100010001000111110100110011001001001101111010000010111110111001010010011111101000010111110100010101100010000101101111111011001111111010101100000011010001011 0100110110110111110101101111011011000011100011010011101000001001111010010111000110100000011001100101011111111111101111011010111011100101001111111001011011111101001110111010101010010110101110011000110101111110011111101111010100011001110100011000101110111100110000011001010011110110000101111110110000100100010000101010010111110011000000011111111111010000010101001111011111110000011011110110100001100101001011011011111010000101110111000110000100001010110011111110011100000110101001010111001000011111111011111011101001111001101101001111000111010011000011010000010011000000100
3 1000000000000000000000000000000000000000000000000000000000000000000000000000000000000000000000000000000000000000000000000000000000000000000000000000000000000000000000000000000000000000000000000000000000000000000000000000000000000000000000000000000000000000000000000000000000000000000000000000000000000000000000000000000000000000000000000000000000000000000000000000000000000000000000000000000000000000000000000000000000000000000000000000000000000000000000000000000000000000000000000000000000000000000000000000000000000000000000000000000000000000000000000000000000000000000 0000000000000000000000000000000000000000000000000000000000000000000000000000000000000000000000000000000000000000000000000000000000000000000000000000000000000000000000000000000000000000000000000000000000000000000000000000000000000000000000000000000000000000000000000000000000000000000000000000000000000000000000000000000000000000000000000000000000000000000000000000000000000000000000000000000000000000000000000000000000000000000000000000000000000000000000000000000000000000000000000000000000000000000000000000000000000000000000000000000000000000000000000000000000000000000 0011000100110100110111110001000001010110111101001110111010100000000010000100100000011010110010100010100111101100111100000100111000101100110000011111111001110010011111010000101000011000010111001010111011110010110110001010101111011111110101101001011110001110000111010111000110100000110011101000100101100000001110011111100001000100011101101101110110000110110100011110101011000110010001011111101101011111011100110011011001001001100101110100100011011100000010110101001100011111001000011110011010101010010100100101010001100010011010011011111000100000101011011110100111000101000
0 1111111111111111111111111111111111111111111111111111111111111111111111111111111111111111111111111111111111111111111111111111111111111111111111111111111111111111111111111111111111111111111111111111111111111111111111111111111111111111111111111111111111111111111111111111111111111111111111111111111111111111111111111111111111111111111111111111111111111111111111111111111111111111111111111111111111111111111111111111111111111111111111111111111111111111111111111111111111111111111111111111111111111111111111111111111111111111111111111111111111111111111111111111111111111111111 0111100100101001000011010010010110010101101110011111100100110100011011000110001010000000110001001010100101110100101101100011011001001000011101110000111011100101011010101001010100001101010000111000101001110000011000111101000011010010110001100011100101110011010000000010011000010110010100101100011111010010100101001100010110110100101110110000010100011010010101011100011111101101111110100010110001110100110101111100110110000101010100101110011010111100111100110100110001001001000100110100010000001001100100010110111100101110000101100001010101000010100001110111010010110111100 1000011011010110111100101101101001101010010001100000011011001011100100111001110101111111001110110101011010001011010010011100100110110111100010001111000100011010100101010110101011110010101111000111010110001111100111000010111100101101001110011100011010001100101111111101100111101001101011010011100000101101011010110011101001001011010001001111101011100101101010100011100000010010000001011101001110001011001010000011001001111010101011010001100101000011000011001011001110110110111011001011101111110110011011101001000011010001111010011110101010111101011110001000101101001000011
1 1111111111111111111111111111111111111111111111111111111111111111111111111111111111111111111111111111111111111111111111111111111111111111111111111111111111111111111111111111111111111111111111111111111111111111111111111111111111111111111111111111111111111111111111111111111111111111111111111111111111111111111111111111111111111111111111111111111111111111111111111111111111111111111111111111111111111111111111111111111111111111111111111111111111111111111111111111111111111111111111111111111111111111111111111111111111111111111111111111111111111111111111111111111111111111111 0000000000000000000000000000000000000000000000000000000000000000000000000000000000000000000000000000000000000000000000000000000000000000000000000000000000000000000000000000000000000000000000000000000000000000000000000000000000000000000000000000000000000000000000000000000000000000000000000000000000000000000000000000000000000000000000000000000000000000000000000000000000000000000000000000000000000000000000000000000000000000000000000000000000000000000000000000000000000000000000000000000000000000000000000000000000000000000000000000000000000000000000000000000000000000000 0101010101010101010101010101010101010101010101010101010101010101010101010101010101010101010101010101010101010101010101010101010101010101010101010101010101010101010101010101010101010101010101010101010101010101010101010101010101010101010101010101010101010101010101010101010101010101010101010101010101010101010101010101010101010101010101010101010101010101010101010101010101010101010101010101010101010101010101010101010101010101010101010101010101010101010101010101010101010101010101010101010101010101010101010101010101010101010101010101010101010101010101011111111111111110001
2 1111111111111111111111111111111111111111111111111111111111111111111111111111111111111111111111111111111111111111111111111111111111111111111111111111111111111111111111111111111111111111111111111111111111111111111111111111111111111111111111111111111111111111111111111111111111111111111111111111111111111111111111111111111111111111111111111111111111111111111111111111111111111111111111111111111111111111111111111111111111111111111111111111111111111111111111111111111111111111111111111111111111111111111111111111111111111111111111111111111111111111111111111111111111111111111 0111100100101001000011010010010110010101101110011111100100110100011011000110001010000000110001001010100101110100101101100011011001001000011101110000111011100101011010101001010100001101010000111000101001110000011000111101000011010010110001100011100101110011010000000010011000010110010100101100011111010010100101001100010110110100101110110000010100011010010101011100011111101101111110100010110001110100110101111100110110000101010100101110011010111100111100110100110001001001000100110100010000001001100100010110111100101110000101100001010101000010100001110111010010110111100 1101110010010000111111011101000111111101111010111111000101011011011011010100100011111000111000011100100010001011101111010001000010101110111111011101000110001110011001000100000001110001001100100110001000111110011011011111000111111001000101100000001001100011011101000000000101001000000001000110010100111001010010110010111001100111011101111011010111010011101011111100110010100000000010111010010000001101100011111000111010101100011110110110101001100000011100110111010000111001000100110110110100110000101100111010000011100001101110101010110100111101000111110010011110111001101
3 1111111111111111111111111111111111111111111111111111111111111111111111111111111111111111111111111111111111111111111111111111111111111111111111111111111111111111111111111111111111111111111111111111111111111111111111111111111111111111111111111111111111111111111111111111111111111111111111111111111111111111111111111111111111111111111111111111111111111111111111111111111111111111111111111111111111111111111111111111111111111111111111111111111111111111111111111111111111111111111111111111111111111111111111111111111111111111111111111111111111111111111111111111111111111111111 0000000000000000000000000000000000000000000000000000000000000000000000000000000000000000000000000000000000000000000000000000000000000000000000000000000000000000000000000000000000000000000000000000000000000000000000000000000000000000000000000000000000000000000000000000000000000000000000000000000000000000000000000000000000000000000000000000000000000000000000000000000000000000000000000000000000000000000000000000000000000000000000000000000000000000000000000000000000000000000000000000000000000000000000000000000000000000000000000000000000000000000000000000000000000000000 0101101101000001010010110001001110001111111100000111001111101100100010001100111010111011011000000110001101111000101111010101011111101000101011011100001111011101001101001001000000010000100101000011010110011001010100111100110110100000101001011000100111000111111110000011100111110110010001000110011101011101101100000011000110111100010111101010101111110100010101101110000111101110100110100100100000001000010010100001101011001100101010011110011011010000010100101100010011100011111111000001110011111011001000100011001110101110110110000001100011011110001011110101010111010110110
0 0000000000000000000000000000000000000000000000000000000000000000000000000000000000000000000000000000000000000000000000000000000000000000000000000000000000000000000000000000000000000000000000000000000000000000000000000000000000000000000000000000000000000000000000000000000000000000000001000000000000000000000000000000000000000000000000000000000000000000000000000000000000000000000000000000000000000000000000000000000000000000000000000000000000000000000000000000000000000000000000000000000000000000000000000000000000000000000000000000000000000000000000000000000000000000111 1000110100000011000011110010100001100100010100011100100011011001110010110100110100011110010111011110101011011101100001000001010000100110111000111110101000010010000110000010111100000010110100001001011101000000111001110000010011010011000000110010111111001111011010001000001001010110101111100011101011111011100011010000110000111001001101010100011101011000001001111010010001111110000001000011111011110100010100100010101011101001111000110111011111010010001011101011101110101001100010000000011011000010011010010011010110101000010011000111011100010100011001000010110001011100011 1000110100000011000011110010100001100100010100011100100011011001110010110100110100011110010111011110101011011101100001000001010000100110111000111110101000010010000110000010111100000010110100001001011101000000111001110000010011010011000000110010111111001111011010001000001001010110101110100011101011111011100011010000110000111001001101010100011101011000001001111010010001111110000001000011111011110100010100100010101011101001111000110111011111010010001011101011101110101001100010000000011011000010011010010011010110101000010011000111011100010100011001000010110001011100100
1 0000000000000000000000000000000000000000000000000000000000000000000000000000000000000000000000000000000000000000000000000000000000000000000000000000000000000000000000000000000000000000000000000000000000000000000000000000000000000000000000000000000000000000000000000000000000000000000001000000000000000000000000000000000000000000000000000000000000000000000000000000000000000000000000000000000000000000000000000000000000000000000000000000000000000000000000000000000000000000000000000000000000000000000000000000000000000000000000000000000000000000000000000000000000000000111 0000000000000000000000000000000000000000000000000000000000000000000000000000000000000000000000000000000000000000000000000000000000000000000000000000000000000000000000000000000000000000000000000000000000000000000000000000000000000000000000000000000000000000000000000000000000000000000000000000000000000000000000000000000000000000000000000000000000000000000000000000000000000000000000000000000000000000000000000000000000000000000000000000000000000000000000000000000000000000000000000000000000000000000000000000000000000000000000000000000000000000000000000000000000000000000 1000000000000000000000000000000000000000000000000000000000000000000000000000000000000000000000000000000000000000000000000000000000000000000000000000000000000000000000000000000000000000000000000000000000000000000000000000000000000000000000000000000000000000000000000000000000000000000000000000000000000000000000000000000000000000000000000000000000000000000000000000000000000000000000000000000000000000000000000000000000000000000000000000000000000000000000000000000000000000000000000000000000000000000000000000000000000000000000000000000000000000000000000000000000000010101
2 0000000000000000000000000000000000000000000000000000000000000000000000000000000000000000000000000000000000000000000000000000000000000000000000000000000000000000000000000000000000000000000000000000000000000000000000000000000000000000000000000000000000000000000000000000000000000000000001000000000000000000000000000000000000000000000000000000000000000000000000000000000000000000000000000000000000000000000000000000000000000000000000000000000000000000000000000000000000000000000000000000000000000000000000000000000000000000000000000000000000000000000000000000000000000000111 1000110100000011000011110010100001100100010100011100100011011001110010110100110100011110010111011110101011011101100001000001010000100110111000111110101000010010000110000010111100000010110100001001011101000000111001110000010011010011000000110010111111001111011010001000001001010110101111100011101011111011100011010000110000111001001101010100011101011000001001111010010001111110000001000011111011110100010100100010101011101001111000110111011111010010001011101011101110101001100010000000011011000010011010010011010110101000010011000111011100010100011001000010110001011100011 0110010001010110010111000111100010111010100100111101001011100110011101000001011111010100010100010001001111001110000101100010100110101101100101111111100010000100000011010001101001111001000000101110010000011010111110000011100010001100000000000100000110001110100101110000101000100010001010101111000110101011011111110111010001001111101110001000101000100010000110001111001000010110111011010000100011100000101001111011101100100111010011010110011011011001110011001100001000011011110011001001011101000001001111001000111110010110101100000001011110011010011100101010100011110101101
3 0000000000000000000000000000000000000000000000000000000000000000000000000000000000000000000000000000000000000000000000000000000000000000000000000000000000000000000000000000000000000000000000000000000000000000000000000000000000000000000000000000000000000000000000000000000000000000000001000000000000000000000000000000000000000000000000000000000000000000000000000000000000000000000000000000000000000000000000000000000000000000000000000000000000000000000000000000000000000000000000000000000000000000000000000000000000000000000000000000000000000000000000000000000000000000111 0000000000000000000000000000000000000000000000000000000000000000000000000000000000000000000000000000000000000000000000000000000000000000000000000000000000000000000000000000000000000000000000000000000000000000000000000000000000000000000000000000000000000000000000000000000000000000000000000000000000000000000000000000000000000000000000000000000000000000000000000000000000000000000000000000000000000000000000000000000000000000000000000000000000000000000000000000000000000000000000000000000000000000000000000000000000000000000000000000000000000000000000000000000000000000000 0100001110110101111010011011010001101011100100111001100110000000001000000111100010101011100000111010010111010101111000011010101001000001011100110111000011110101010110000001001000111011110111110111100111101000101101111010111011001111100001001010111010001111011101011111100110001000001111100101000001001100111000000110100010010111110101100110010000000111000010110101101010010100010100111100100101001101001000101011111000110010110000101001011001010100010000111111010100011000111000110110110011011000001100100100001101110100111110100100110101100010010011110110010111100101001
0 0010101100111111110101101011111101000111111101111011100000110000111110111101011000100100111001011011011011001000010100111101111011011010011010111001001010111100110110101001100110110001010100101000100010101001111100011000000111010110110010111011011100000100000001100111001000110010001101010010010011001101100011111110000110100101110101011111110000101101011101101011001011010000001110010011010111011111110111010101001111001000101111001111100111000011101011101001000100011001111110111011101001000001111101110000100001000100001011110101010100100100111000100010001001010100101 1010101000111111000000011111100100010100001111100011000010001100001011110111110110001001101101110101110110011110011001011011000010000000100010101101000010111100110110001100010000111001101110110101100011101001001001000001111001001011001110010110001010011100001000001111100010010110111100000011111111000011011010111100111100100010110100101011110011000011111000111100011001000110000000110010001100110100011001000100011100011110000101101111101110111001100111001010100101001010010011000111111000000110011011001000101010110011010001011010000100101010011101001100100111011011010 1000000100000000110101110100011001010011110010011000100010111100110101001010101110101101010100101110101101010110001101100110111001011010111000010100001000000000000000100101110110001000111010011101000001000000110101011001111110011101111100101101010110011000001001101000101010100100110001010001101100001110111001000010111010000111000001110100000011101110100101010111010010010110001110100001011011101011101110010001010011010110101010100000001001111010001100100011100001010011101101111100010001000111100110111000001011110111011010101111010000001110100101101110101110001111111
1 0010101100111111110101101011111101000111111101111011100000110000111110111101011000100100111001011011011011001000010100111101111011011010011010111001001010111100110110101001100110110001010100101000100010101001111100011000000111010110110010111011011100000100000001100111001000110010001101010010010011001101100011111110000110100101110101011111110000101101011101101011001011010000001110010011010111011111110111010101001111001000101111001111100111000011101011101001000100011001111110111011101001000001111101110000100001000100001011110101010100100100111000100010001001010100101 0000000000000000000000000000000000000000000000000000000000000000000000000000000000000000000000000000000000000000000000000000000000000000000000000000000000000000000000000000000000000000000000000000000000000000000000000000000000000000000000000000000000000000000000000000000000000000000000000000000000000000000000000000000000000000000000000000000000000000000000000000000000000000000000000000000000000000000000000000000000000000000000000000000000000000000000000000000000000000000000000000000000000000000000000000000000000000000000000000000000000000000000000000000000000000000 0000000111000100011011010110110011101100110110100000010001000011000011011001111001111100011101010111001011111110001100000111110000110101000101101100010111111100111101011000001111000011010000101010101010100110100100111000110011001010011101011110011101000010000001100000010111011010110101101111011000100010101100011101111000000111111110101100101101110000111111010110100101101110001101100110001001110010111110001011101010101110100001001110110101101000011001100000111010001100110011100000111101101001110010100111000011010000001100101101000110100000100000010000000011111101100
2 0010101100111111110101101011111101000111111101111011100000110000111110111101011000100100111001011011011011001000010100111101111011011010011010111001001010111100110110101001100110110001010100101000100010101001111100011000000111010110110010111011011100000100000001100111001000110010001101010010010011001101100011111110000110100101110101011111110000101101011101101011001011010000001110010011010111011111110111010101001111001000101111001111100111000011101011101001000100011001111110111011101001000001111101110000100001000100001011110101010100100100111000100010001001010100101 1010101000111111000000011111100100010100001111100011000010001100001011110111110110001001101101110101110110011110011001011011000010000000100010101101000010111100110110001100010000111001101110110101100011101001001001000001111001001011001110010110001010011100001000001111100010010110111100000011111111000011011010111100111100100010110100101011110011000011111000111100011001000110000000110010001100110100011001000100011100011110000101101111101110111001100111001010100101001010010011000111111000000110011011001000101010110011010001011010000100101010011101001100100111011011010 1000101111011011001000011100010100110001000100000011011100011001110011001000101000101010111100101110000100010010001110111111011101110101101100010011011000110110111000100010100001111100000011000100010001010100111111001010100110100010110011100110110001100001001011110100011111001101011100011000110001010011011111111100111100101000001110101000111110100000111110010001000110000111100110000001010110100011100100001011100011110000000010001000001000110111100010111101101100011111001010000011000001101110101001111111000010100011100011111100010010010011010001101010011110000100000
3 0010101100111111110101101011111101000111111101111011100000110000111110111101011000100100111001011011011011001000010100111101111011011010011010111001001010111100110110101001100110110001010100101000100010101001111100011000000111010110110010111011011100000100000001100111001000110010001101010010010011001101100011111110000110100101110101011111110000101101011101101011001011010000001110010011010111011111110111010101001111001000101111001111100111000011101011101001000100011001111110111011101001000001111101110000100001000100001011110101010100100100111000100010001001010100101 0000000000000000000000000000000000000000000000000000000000000000000000000000000000000000000000000000000000000000000000000000000000000000000000000000000000000000000000000000000000000000000000000000000000000000000000000000000000000000000000000000000000000000000000000000000000000000000000000000000000000000000000000000000000000000000000000000000000000000000000000000000000000000000000000000000000000000000000000000000000000000000000000000000000000000000000000000000000000000000000000000000000000000000000000000000000000000000000000000000000000000000000000000000000000000000 1110010001101011101101110000010010111100000100101000001001110011011111011111100000001000110111011110011110010010101011010011011000100101110111000010001101010100010100011100110101111001100011101110001011100111111101100011111100101011100001100011000111001000100101000111101010001011000001110001011011101101011001011000110010101001010001001000010001101001010001011011101011000011101010011011110011001010111101100011001110001110011001111111011011001100000111010111111110010101010001100010001100000011100001101100111110111100100110011111100011100001101001000111001010110000010
0 0111000101101100001110011111111010000001001110011010110000110100011111010110110101000100011100111101110011001101101110001010000100000001111001010011101011011001111000011000001011101011010100110111010111111010010111110110111110100111000001011011110001000010100111011010011110111001011101010010010110110001111110111110101110001110110111100101001000101000011100001100010000010000001111110011110110110010101100011011100001111110001010101011111011100000101110001000011011101011111100010111110011010011010010111110101010100100001100101111111011100101110101011111010010000001101 0010101100101111011100100000011000101111000101110001101111101100010010101110001011110110100000111000111100101101100001100110110011111000110010011100111001000010010100001101000110111000010110001011011110100001001101100001100001111110010100111010010010011101001010010110111110001001010101010001110010110100010000100101010110000111100010000000100001100101111110111101100100001100001000010011110010000001010111011110000011100011100010000001010100110001100010100100001110110100101001110111011000011000011011111010000010100111011000101010111100001111000101010100000011001100000 0101101001000011010010111111100010101110001011101011011111011000001101111000111110110010111100000101001111100000001111101100110111111001001011001111010010011011101100010101001101010011000010111100001001011011011010010111011111011001010101100001100011011111101101001100100000110000001000000011100100000101101110011011111000001001010101100101101001001101100010110001110100011100000111100000000100110011111011000101100010011101101000101010101111010001001100101100010101011111010101100000101011001011001001000100101000000011010100000101000111101010110000001011010001001101101
1 0111000101101100001110011111111010000001001110011010110000110100011111010110110101000100011100111101110011001101101110001010000100000001111001010011101011011001111000011000001011101011010100110111010111111010010111110110111110100111000001011011110001000010100111011010011110111001011101010010010110110001111110111110101110001110110111100101001000101000011100001100010000010000001111110011110110110010101100011011100001111110001010101011111011100000101110001000011011101011111100010111110011010011010010111110101010100100001100101111111011100101110101011111010010000001101 0000000000000000000000000000000000000000000000000000000000000000000000000000000000000000000000000000000000000000000000000000000000000000000000000000000000000000000000000000000000000000000000000000000000000000000000000000000000000000000000000000000000000000000000000000000000000000000000000000000000000000000000000000000000000000000000000000000000000000000000000000000000000000000000000000000000000000000000000000000000000000000000000000000000000000000000000000000000000000000000000000000000000000000000000000000000000000000000000000000000000000000000000000000000000000000 0110110101010110000001010010110110110111100100011101000100101111011011100011001000011111111101110011111110001100110100110010010110101110110011101000100111110111100100100000111011110100110101011101011101110000110101000000000111011011011100011101101000001111000001011101010001100010010000101000101110110000100110111001111010000011000001100101001111001110001110110001010101001011010011111010111010000001001110100001101100000010011100001011000000011010101000001100000111000111010000011001100011111000111000110011100010100001101001000000100101010101011111100001100110010010111
2 0111000101101100001110011111111010000001001110011010110000110100011111010110110101000100011100111101110011001101101110001010000100000001111001010011101011011001111000011000001011101011010100110111010111111010010111110110111110100111000001011011110001000010100111011010011110111001011101010010010110110001111110111110101110001110110111100101001000101000011100001100010000010000001111110011110110110010101100011011100001111110001010101011111011100000101110001000011011101011111100010111110011010011010010111110101010100100001100101111111011100101110101011111010010000001101 0010101100101111011100100000011000101111000101110001101111101100010010101110001011110110100000111000111100101101100001100110110011111000110010011100111001000010010100001101000110111000010110001011011110100001001101100001100001111110010100111010010010011101001010010110111110001001010101010001110010110100010000100101010110000111100010000000100001100101111110111101100100001100001000010011110010000001010111011110000011100011100010000001010100110001100010100100001110110100101001110111011000011000011011111010000010100111011000101010111100001111000101010100000011001100000 1111101001011110011000100100011111010001101100010110001101000010111101111011110100101011011011011101100011010110110101100110101000111000111110010000010111010001001101000000110001000101001100010100101001010000110001101000001010001010011010000100010110000100100001101101110100010111010001000101001100110010010111010001011101100010000011010101000110100110111000100000001000000001001010011111110110101100100001101101100101101010010000001101111000110110010001011111111000000110110111101011110011100111001111011100110010101100010111100001110010011100000001011100110111010011010
3 0111000101101100001110011111111010000001001110011010110000110100011111010110110101000100011100111101110011001101101110001010000100000001111001010011101011011001111000011000001011101011010100110111010111111010010111110110111110100111000001011011110001000010100111011010011110111001011101010010010110110001111110111110101110001110110111100101001000101000011100001100010000010000001111110011110110110010101100011011100001111110001010101011111011100000101110001000011011101011111100010111110011010011010010111110101010100100001100101111111011100101110101011111010010000001101 0000000000000000000000000000000000000000000000000000000000000000000000000000000000000000000000000000000000000000000000000000000000000000000000000000000000000000000000000000000000000000000000000000000000000000000000000000000000000000000000000000000000000000000000000000000000000000000000000000000000000000000000000000000000000000000000000000000000000000000000000000000000000000000000000000000000000000000000000000000000000000000000000000000000000000000000000000000000000000000000000000000000000000000000000000000000000000000000000000000000000000000000000000000000000000000 1011000000110011111101101011001110000110011100101111010000000101011111110101000000111010100111101111111101000000101001111000011100011000000111111111101100110100001011000101110001110101110001100010111001010010100110011101010001000110101000011011000010011101001011000010000100001011110010111001000001001010010111101000110010011111001110101111101001110100111001111011101011101001000110010000001111100110001000100010011101011110110101011011110001011011000001111000111101010110000100011111111100110011001010101100001101010111010111100000001110111000111110000111110101010000001
0 0011001011110101011110001010100111110010010011001000110000001111000100110110110011110101000100110010010101111010010110101000100001011111111100001100011010111100111001110011110010011101010110101010000101110111111101101101111100101011100010011110001011100001010100010001111110010100010000011001100111011001010111010101100011010000000110011001101111001100100001010010011101111110000011000111011010101000101000100100000101000011110011101111001000000001101100011111000000101111011010100110000010010010100001110111111001010011010010000101111100001000111111010100001000000011101 1010001100000111100010000001101010011100010111110111010111100000010101000001111010010010101100010011111001010010000101000100010010011010110001000011000001111111011110010111011111011100000100001100001000100110101100110000110111010100111001000011111110110001011101101000011000111010010011011010001010100010001110111110110010000000110110110110111110010111011111100000100111010000100110111010010011001101011110000100111111101100000111100110111100001001110111000110101111101100101100001001000010110011010100100011010011001111001010100000001010010100000011001011001110001101001 1001000111110010111100001011001101101110000100111111100111101111010001110111001001100111101000100001101100101000010011101100110011000101001101001111011011000011100111100100101101000001010010100110001101010001010001011101001011111111011011011101110101010000001001111001100110101110000011000011101101111011011001101011010001010000110000101111010001011011111110110010111010101110100101111101001001100101110110100000111010101111110100001001110100001000011011011001101111000011110110101111000000100001110101010100101010011100011000100101110110011100111100011111000110001110100
1 0011001011110101011110001010100111110010010011001000110000001111000100110110110011110101000100110010010101111010010110101000100001011111111100001100011010111100111001110011110010011101010110101010000101110111111101101101111100101011100010011110001011100001010100010001111110010100010000011001100111011001010111010101100011010000000110011001101111001100100001010010011101111110000011000111011010101000101000100100000101000011110011101111001000000001101100011111000000101111011010100110000010010010100001110111111001010011010010000101111100001000111111010100001000000011101 0000000000000000000000000000000000000000000000000000000000000000000000000000000000000000000000000000000000000000000000000000000000000000000000000000000000000000000000000000000000000000000000000000000000000000000000000000000000000000000000000000000000000000000000000000000000000000000000000000000000000000000000000000000000000000000000000000000000000000000000000000000000000000000000000000000000000000000000000000000000000000000000000000000000000000000000000000000000000000000000000000000000000000000000000000000000000000000000000000000000000000000000000000000000000000000 1010101011000001111011011010100011100001110100100101000010110000101100110101111100011010000100100000000100011011011101010010011110110011111000100000011001101111010011111101101110010001101000110101001010001010010110101011000101101111111111000110100110000111001000110111111010001010110010011110000101110000100110110100101111011000110111001111000110110100001010100101000011000101011011111111000011010011101101001011011011010000100010101100001000011010001010000111000101100100101111001001010101000101001010000110000101110011100010101111001100101100000001110001100000100010101
2 0011001011110101011110001010100111110010010011001000110000001111000100110110110011110101000100110010010101111010010110101000100001011111111100001100011010111100111001110011110010011101010110101010000101110111111101101101111100101011100010011110001011100001010100010001111110010100010000011001100111011001010111010101100011010000000110011001101111001100100001010010011101111110000011000111011010101000101000100100000101000011110011101111001000000001101100011111000000101111011010100110000010010010100001110111111001010011010010000101111100001000111111010100001000000011101 1010001100000111100010000001101010011100010111110111010111100000010101000001111010010010101100010011111001010010000101000100010010011010110001000011000001111111011110010111011111011100000100001100001000100110101100110000110111010100111001000011111110110001011101101000011000111010010011011010001010100010001110111110110010000000110110110110111110010111011111100000100111010000100110111010010011001101011110000100111111101100000111100110111100001001110111000110101111101100101100001001000010110011010100100011010011001111001010100000001010010100000011001011001110001101001 0110110111101010000100101010101100011110011001011010011000010110110010100000101011010011010111001100010001101011001001111110000000001110000011101001000100101011011010101101100110110111110110010110100110000010001001000110100000100111111010111100111000000001100111110111011010100010010010001100010101101010101100000011011100001100011011100000010110011000100010111001000001100000111100001111011101100110111111010001001010001100101111100011111111000101111110000100011001001100111101111000110000011111110111011111000111110011111111111011111101111100100011010111010011100111000
3 0011001011110101011110001010100111110010010011001000110000001111000100110110110011110101000100110010010101111010010110101000100001011111111100001100011010111100111001110011110010011101010110101010000101110111111101101101111100101011100010011110001011100001010100010001111110010100010000011001100111011001010111010101100011010000000110011001101111001100100001010010011101111110000011000111011010101000101000100100000101000011110011101111001000000001101100011111000000101111011010100110000010010010100001110111111001010011010010000101111100001000111111010100001000000011101 0000000000000000000000000000000000000000000000000000000000000000000000000000000000000000000000000000000000000000000000000000000000000000000000000000000000000000000000000000000000000000000000000000000000000000000000000000000000000000000000000000000000000000000000000000000000000000000000000000000000000000000000000000000000000000000000000000000000000000000000000000000000000000000000000000000000000000000000000000000000000000000000000000000000000000000000000000000000000000000000000000000000000000000000000000000000000000000000000000000000000000000000000000000000000000000 1100000000110011000011011110010111111010001000011011101010110100011100101111110110011011010000010010011001011010000110111000111011010000000101000101110111001101110011111100010100011001111111101110100101010111001101000110101010111100010001001100000110000010001011110110011101000000111101111000100100110100101001101001110010010111111001100111011110001100111110100001100101110110111010111011100000001010000000001000111110101000001011101001011000010010110000011010111100010001011011111100100110000011000111000111110111111111110011101011000001101001000001101100010010010101000
0 1000010100110001001001110000111011101111000110010101100100010001010000010111010011101011001101100100010010111111010001011100010000000011100100101011010000000111011100110101110100001110101001101100011110001111110101100000111110111110111111111101101111110000110001001011010001101110110001001001001000011010000100011000010111000100100001111010111011010100101110000010010100001100001111101111010110010000000010101010010111011011110011001001101101111110010101000011001010101001000101100110101110011111110110010010010110110101001010100100010111110111100100110000100001101000011 0001000000111001101010110010000100101101100100000100000111100011001011100010100000111011110101000011000111111000011010110001000110101000011110111001000110111101100010101110111010010001000101110010110101111000100111100000100001111000010010100011001001011011101110101101110101111001011000100010000001110011110101011011001111111001010101010100001101010111001111111111110111000000100111110010011001110111000011000000000000110100010101000110010001010011111110010010111111000011101110000100101000001000001111101100100011110101001110110100000111110101011010001000101000010010100 1001010100001000100011000010111111000010100010010001100011110010011011110101110011010000111000100111010101000111001011101101010110101011111010010010010110111010111110011011001110011111101100011110101011110111010010000000011111000110101101011110100110101011011111100110100100010111101001101011001001101001110001000011011000111101110100101110110110000011100001111101100011001100101000011101001111100111000001101010010111101111100110001111111100101101101011010001110101101010101011100010000110010111111001111110110101000000000100010000010000000010111110111000001001111010111
1 1000010100110001001001110000111011101111000110010101100100010001010000010111010011101011001101100100010010111111010001011100010000000011100100101011010000000111011100110101110100001110101001101100011110001111110101100000111110111110111111111101101111110000110001001011010001101110110001001001001000011010000100011000010111000100100001111010111011010100101110000010010100001100001111101111010110010000000010101010010111011011110011001001101101111110010101000011001010101001000101100110101110011111110110010010010110110101001010100100010111110111100100110000100001101000011 0000000000000000000000000000000000000000000000000000000000000000000000000000000000000000000000000000000000000000000000000000000000000000000000000000000000000000000000000000000000000000000000000000000000000000000000000000000000000000000000000000000000000000000000000000000000000000000000000000000000000000000000000000000000000000000000000000000000000000000000000000000000000000000000000000000000000000000000000000000000000000000000000000000000000000000000000000000000000000000000000000000000000000000000000000000000000000000000000000000000000000000000000000000000000000000 1000010001101001100101010011111111100010111010000101000011011110010100010010010010101010001000101101001001000011100000111110111111010110010110011010001000101010000100011110011101100011101011001011000111100100001001001110101100010111001111000111000001110000100111110011011001011110000010110011000101011010011111100001110101010101011111101011101000011100011110001011111110001111100001111110011101001011001101001110010011001101010011110101011010011101001000011111001001110111110011010000100100101110001010101110001111111001010001011001101100000001100111101110110100010001000
2 1000010100110001001001110000111011101111000110010101100100010001010000010111010011101011001101100100010010111111010001011100010000000011100100101011010000000111011100110101110100001110101001101100011110001111110101100000111110111110111111111101101111110000110001001011010001101110110001001001001000011010000100011000010111000100100001111010111011010100101110000010010100001100001111101111010110010000000010101010010111011011110011001001101101111110010101000011001010101001000101100110101110011111110110010010010110110101001010100100010111110111100100110000100001101000011 0001000000111001101010110010000100101101100100000100000111100011001011100010100000111011110101000011000111111000011010110001000110101000011110111001000110111101100010101110111010010001000101110010110101111000100111100000100001111000010010100011001001011011101110101101110101111001011000100010000001110011110101011011001111111001010101010100001101010111001111111111110111000000100111110010011001110111000011000000000000110100010101000110010001010011111110010010111111000011101110000100101000001000001111101100100011110101001110110100000111110101011010001000101000010010100 0010100111101011100110000111000100000100000011100010100011010011001000110001011011000100110101111101001001110011101011011000000010001010011100000001001001001110000101110110111100010010110111010000101011101001101011111010110100110010110011011000001101111101111111101000001101010010100010001000111010110000110010100111111101001101111111111010001001011100011011111001110101111101101011011101111001101110100001000100000100110001010011101011111100011101101001001101011011100100000010000011101111101000101011010011010111110010001011000010011110100010100011101000001100000001110
3 1000010100110001001001110000111011101111000110010101100100010001010000010111010011101011001101100100010010111111010001011100010000000011100100101011010000000111011100110101110100001110101001101100011110001111110101100000111110111110111111111101101111110000110001001011010001101110110001001001001000011010000100011000010111000100100001111010111011010100101110000010010100001100001111101111010110010000000010101010010111011011110011001001101101111110010101000011001010101001000101100110101110011111110110010010010110110101001010100100010111110111100100110000100001101000011 0000000000000000000000000000000000000000000000000000000000000000000000000000000000000000000000000000000000000000000000000000000000000000000000000000000000000000000000000000000000000000000000000000000000000000000000000000000000000000000000000000000000000000000000000000000000000000000000000000000000000000000000000000000000000000000000000000000000000000000000000000000000000000000000000000000000000000000000000000000000000000000000000000000000000000000000000000000000000000000000000000000000000000000000000000000000000000000000000000000000000000000000000000000000000000000 0101011011011000001101011111010110101001110000101110101000101010010000011100100111010111101101000110100100000001110110001111000000101000010110011010010100111001011000100000110111000001110101101111001110011000010111001001000111101000101101001010010011011110000000000110000010010000000110000111011101000010110100111011000110001000000011010010010110001011001110000101001001000101111011100101001011000101111111101100011010110100011101011000110010110011110110000101000011001001010011001100000101110100101101111011011110100010010000011010101110011101001000110000100001010100100
0 0100100101111101101011011011010100001100101000011010101001100001011000010010010010111000000100010010000100011010001111010111110010001110100000011011001011100000010010110100011010111101110110110011100000100001000000011010001011111101010011111111000100011111000111000001101111010101000000100100000001101111000101001101110111101010010000100101100011011111111111100000101010001110000001001110110001010001010101011001100101110110011000001110001101001111100101100001110011010111010100100011001100000111100111110000111101111101011110110010001101100010110100000010101000111011111 0000001111101001010010100010100011010001010101101111100101010001111111101100010000000100010100000110110101011000010100011100110111111000101100011011001101100011111111011000111000101001111110010000010000100010010011001011011100101101011011110011010100100000110011111101111010010010001011000101011111101011011100100011010010100001011001110000100010100000111101111100101110100100110001000101111100100011000111000101110101010011101000100010010001100101100111001100001100110000100001100111110011111000011010101100100000000110111000111000110101010100010100100101001100000011001 0100101010010100111001111001110111011101111101110101001100110000100111111110000010111100010000010100110001000010011011001011000101110110001100000000000110000011101101101100100010010100001000100011110000000011010011010001010111010000001000001100010000111111110100111100010101000111001011100001011110000100011001101110100101001011001001010101000001111111000010011100000100101010110000001011001101110010010010011100010000100101110000101100011100101010000010101101111111100111110101000100111111111111111101011100011101111011100110001010111000110110100000100111100100111000110
1 0100100101111101101011011011010100001100101000011010101001100001011000010010010010111000000100010010000100011010001111010111110010001110100000011011001011100000010010110100011010111101110110110011100000100001000000011010001011111101010011111111000100011111000111000001101111010101000000100100000001101111000101001101110111101010010000100101100011011111111111100000101010001110000001001110110001010001010101011001100101110110011000001110001101001111100101100001110011010111010100100011001100000111100111110000111101111101011110110010001101100010110100000010101000111011111 0000000000000000000000000000000000000000000000000000000000000000000000000000000000000000000000000000000000000000000000000000000000000000000000000000000000000000000000000000000000000000000000000000000000000000000000000000000000000000000000000000000000000000000000000000000000000000000000000000000000000000000000000000000000000000000000000000000000000000000000000000000000000000000000000000000000000000000000000000000000000000000000000000000000000000000000000000000000000000000000000000000000000000000000000000000000000000000000000000000000000000000000000000000000000000000 0111110110110010101011111000111100110010001000000011010111111110110000001010101111110001101111011110110100001100110000101111110101101010100111110111011101001110110110100100011010000001001101010001001010000010101111000100100111110110111010100010000100010010000100100010010111100101100110001110001001101111101011001100000111100111101110111010001111010010001111011111001110000000011011001001100001111000101110000010010110101111001101100110110111001000010001101101110010000110010101001000110100000000010100100000010001001100100111010011100110011100010100110111111110001111010
2 0100100101111101101011011011010100001100101000011010101001100001011000010010010010111000000100010010000100011010001111010111110010001110100000011011001011100000010010110100011010111101110110110011100000100001000000011010001011111101010011111111000100011111000111000001101111010101000000100100000001101111000101001101110111101010010000100101100011011111111111100000101010001110000001001110110001010001010101011001100101110110011000001110001101001111100101100001110011010111010100100011001100000111100111110000111101111101011110110010001101100010110100000010101000111011111 0000001111101001010010100010100011010001010101101111100101010001111111101100010000000100010100000110110101011000010100011100110111111000101100011011001101100011111111011000111000101001111110010000010000100010010011001011011100101101011011110011010100100000110011111101111010010010001011000101011111101011011100100011010010100001011001110000100010100000111101111100101110100100110001000101111100100011000111000101110101010011101000100010010001100101100111001100001100110000100001100111110011111000011010101100100000000110111000111000110101010100010100100101001100000011001 1000110001001100111001011110001111001000000111011100100001010111010001000010111110100111111110111100100001110000000010110010010101001010011010010101101101000110011111010000011000101110000101100011100110110011111111111000010001001101110100110111011110010101000001011010111110001110001011111001100000101101110101000001111101101010100011110110011001111101110110010111101100110001010001111011010000000111000111011110100101010101001000111001101000000011010111001000111001101011000110101010000101110010010010110100001110001011101111010110010100000100001100101011010101110010001
3 0100100101111101101011011011010100001100101000011010101001100001011000010010010010111000000100010010000100011010001111010111110010001110100000011011001011100000010010110100011010111101110110110011100000100001000000011010001011111101010011111111000100011111000111000001101111010101000000100100000001101111000101001101110111101010010000100101100011011111111111100000101010001110000001001110110001010001010101011001100101110110011000001110001101001111100101100001110011010111010100100011001100000111100111110000111101111101011110110010001101100010110100000010101000111011111 0000000000000000000000000000000000000000000000000000000000000000000000000000000000000000000000000000000000000000000000000000000000000000000000000000000000000000000000000000000000000000000000000000000000000000000000000000000000000000000000000000000000000000000000000000000000000000000000000000000000000000000000000000000000000000000000000000000000000000000000000000000000000000000000000000000000000000000000000000000000000000000000000000000000000000000000000000000000000000000000000000000000000000000000000000000000000000000000000000000000000000000000000000000000000000000 1000111010010001011100101100100001101100011111001011100010001010001010001100001000100110100000001011001100110101001000100100110111001110101101111111110011011001100011110110101010011101101101111011101010010000001010010011111110011100000001011110101001010001001111010000010000100010111011100111111000111010000101101010011001100111101100011100001110001010111110010101001111011100001000011101011010000000001100100010111010010100010010000011010000010011100001100000011110101111111001001101011011011011100001001100010001010101011010110011100011100001000011000110000110001111011
0 1010001111001011100000100101010000111100000110111010111111000100101001010101110011101100010111010000100010011000001111010011010000110110110011010010100100000110000000011101000110110001010110101101101110100010101000001111101001000001001010110001100100011011100101101011000000011100101000100001111111110010001000111011111010111111001101010000101010110100000001011011110110111100101111010010100000110000010001101010001100001011010011111101010110011001110011000110010101101100100011010100010011000001100000011001110001100110000111111001000000100111011101001100110100110110101 1101011111011010011101110110100101100001011101011100100111110001100001001100010110101001010111011100111100011001000001011011000100100000011010000010011100111101001001011100110101101011101100110101010110001001000110110010100111000111110101111011001101010011000101101001001111111001010000010000001100001101110111111100000011100001010110111001011110011100100100010111101111101000110010100011000110000111001101100101010101010011111110110101100110000110110101001010000101110111001001101010010111001010110110001011100001011110011110011001011110010001111001100110101110011101111 0111010000010001111101010011110101011101011011100110011000110101001000011001100101000101000000001100011110000001001110001000010100010110101001010000111000111011001001000001110011011010111010011000111000101011101110111101001110000110111111001010101001001000100000000010001111100101111000110001110011111111111111000111111001011110011011101001110100101000100101001100011001010100011101110001100110110111011100001111011001011000101101001000110000011111000110001100010000011011101010111110000100001011010110010010010000111000011001100000011110110110100100101010011010101011010
1 1010001111001011100000100101010000111100000110111010111111000100101001010101110011101100010111010000100010011000001111010011010000110110110011010010100100000110000000011101000110110001010110101101101110100010101000001111101001000001001010110001100100011011100101101011000000011100101000100001111111110010001000111011111010111111001101010000101010110100000001011011110110111100101111010010100000110000010001101010001100001011010011111101010110011001110011000110010101101100100011010100010011000001100000011001110001100110000111111001000000100111011101001100110100110110101 0000000000000000000000000000000000000000000000000000000000000000000000000000000000000000000000000000000000000000000000000000000000000000000000000000000000000000000000000000000000000000000000000000000000000000000000000000000000000000000000000000000000000000000000000000000000000000000000000000000000000000000000000000000000000000000000000000000000000000000000000000000000000000000000000000000000000000000000000000000000000000000000000000000000000000000000000000000000000000000000000000000000000000000000000000000000000000000000000000000000000000000000000000000000000000000 1110000111110001101001100101000001110000111100100001110101101111010110000011111110010001110000010000001011101000011100010110000100010010001100101011010101100000010001010111110110111000000111101000000001101110011011000111110111111110101000010101000101100100110010101000110001110111101001100011001111101101110110001100111000001111111010001011000010011000011111011100000011101111100110001010000101101000010001110000110111011111010111101011001010011100110101001001010000101001111111101000001001101000001110011101110010011110011100010111001110000111111001111010100100111101100
2 1010001111001011100000100101010000111100000110111010111111000100101001010101110011101100010111010000100010011000001111010011010000110110110011010010100100000110000000011101000110110001010110101101101110100010101000001111101001000001001010110001100100011011100101101011000000011100101000100001111111110010001000111011111010111111001101010000101010110100000001011011110110111100101111010010100000110000010001101010001100001011010011111101010110011001110011000110010101101100100011010100010011000001100000011001110001100110000111111001000000100111011101001100110100110110101 1101011111011010011101110110100101100001011101011100100111110001100001001100010110101001010111011100111100011001000001011011000100100000011010000010011100111101001001011100110101101011101100110101010110001001000110110010100111000111110101111011001101010011000101101001001111111001010000010000001100001101110111111100000011100001010110111001011110011100100100010111101111101000110010100011000110000111001101100101010101010011111110110101100110000110110101001010000101110111001001101010010111001010110110001011100001011110011110011001011110010001111001100110101110011101111 1000101001111000011100111011110010011000100110110111101010111000000100001101100110010101010110110111010111010111110100101010001110011100111010000101011100000110101110101011100001110101100111111000101111110101111101010000100011001110000011111011010101110001001011101000110010001000100011001001000101101010111010110101111000001110000110101110000101100100011011110011101000010011010110101001110101000010000011110011010000000101101111100111000011111000001101111110010101010000010100001110000000001011001101011111111110111010011011110111000010111101100000011000111011001100100
3 1010001111001011100000100101010000111100000110111010111111000100101001010101110011101100010111010000100010011000001111010011010000110110110011010010100100000110000000011101000110110001010110101101101110100010101000001111101001000001001010110001100100011011100101101011000000011100101000100001111111110010001000111011111010111111001101010000101010110100000001011011110110111100101111010010100000110000010001101010001100001011010011111101010110011001110011000110010101101100100011010100010011000001100000011001110001100110000111111001000000100111011101001100110100110110101 0000000000000000000000000000000000000000000000000000000000000000000000000000000000000000000000000000000000000000000000000000000000000000000000000000000000000000000000000000000000000000000000000000000000000000000000000000000000000000000000000000000000000000000000000000000000000000000000000000000000000000000000000000000000000000000000000000000000000000000000000000000000000000000000000000000000000000000000000000000000000000000000000000000000000000000000000000000000000000000000000000000000000000000000000000000000000000000000000000000000000000000000000000000000000000000 1110101011101000100110101010111111111011101101101101101111010011100010010001010000001010101011110101011011001000010111101001010011010011010111101001001101111001100100011000110000100101010000011001000000111001001000100100101101101000101100010011011101011100101100100010100101001000001010110010010111010110000010001111000110010111100100100110010010010110010011101000111101001101011111011100100001111000000000100111000000000001101110000001000010011100010110100010101101010111111100001000101111110000101111100111010110010011010000000001101110000111001010011000111111101011011
0 0010101001011000010010110000011100110001011100010000110001111011111110001100010110100010110101111100011111101101011111111101100101011011111101101100111111111101110101010011000100110001010000110000010011111111100101111111011110011100011101011100101011110000011101011000110111011110100000010000111011011000100111101110000010000000111011001001010101010000111110110110011100011110101101100100111010100100011010111010100110000010001110001110000100110100101000100111110000111011110011001000101111001010100011010011100000011111100001100110111110110111011010000110011011100101011 1000010111010101010100011011100010001110101101111010111110101111000011011101111111101101111101000000010011111001011101010110110110101011111110001010110101110100000010101001000100010001110000000010001001101001001000111111010000000110101011101011000000010001100110000101101100101011011000001001100110011101101111001101010010011000110110100011001011001110110111100110101010100010101111010010110011010111011000111111100000000011001111111010110000001011111001010101101101110011101110001010000110101111010001011101010101010101111001011111100110111100011110000111010001100000110 1010111110001101000110101011111110111111110001101010001111010100111101010001101001001111001000111100001100010100000010101011010011110000000011100110001010001001110111111010000000100000100000110010011010010110101101000000001110011010110110110111101011100001111011011101011011110101111000011001011101000101001000100011010000011000001101101010011110011110001001010000110110111100000010110110001001110011000010000101000110000001000001110100110100111111010001110010011101001000011101000010101001100101110010001110110101001010011000111001011000001011000100000001001010000101101
1 0010101001011000010010110000011100110001011100010000110001111011111110001100010110100010110101111100011111101101011111111101100101011011111101101100111111111101110101010011000100110001010000110000010011111111100101111111011110011100011101011100101011110000011101011000110111011110100000010000111011011000100111101110000010000000111011001001010101010000111110110110011100011110101101100100111010100100011010111010100110000010001110001110000100110100101000100111110000111011110011001000101111001010100011010011100000011111100001100110111110110111011010000110011011100101011 0000000000000000000000000000000000000000000000000000000000000000000000000000000000000000000000000000000000000000000000000000000000000000000000000000000000000000000000000000000000000000000000000000000000000000000000000000000000000000000000000000000000000000000000000000000000000000000000000000000000000000000000000000000000000000000000000000000000000000000000000000000000000000000000000000000000000000000000000000000000000000000000000000000000000000000000000000000000000000000000000000000000000000000000000000000000000000000000000000000000000000000000000000000000000000000 1000010110010001110111101000100101001111111110111111010001010101101101110111001111100111100001101100100101001111011101010010011110101011101000010111111111001100011011011101000111000000100000101110011100111001011010010100001000111111010011010001001000000000011000111010111011010010101001000100110001011111111001110101001011110001010000011001010110011011001101010100110101101110001100111100000100001100110101010010111000010000101111000111111011000111001011100100110000001100001111111010100000101001000010110111111000001110110111110000111011011011110011010010010100000110000
2 0010101001011000010010110000011100110001011100010000110001111011111110001100010110100010110101111100011111101101011111111101100101011011111101101100111111111101110101010011000100110001010000110000010011111111100101111111011110011100011101011100101011110000011101011000110111011110100000010000111011011000100111101110000010000000111011001001010101010000111110110110011100011110101101100100111010100100011010111010100110000010001110001110000100110100101000100111110000111011110011001000101111001010100011010011100000011111100001100110111110110111011010000110011011100101011 1000010111010101010100011011100010001110101101111010111110101111000011011101111111101101111101000000010011111001011101010110110110101011111110001010110101110100000010101001000100010001110000000010001001101001001000111111010000000110101011101011000000010001100110000101101100101011011000001001100110011101101111001101010010011000110110100011001011001110110111100110101010100010101111010010110011010111011000111111100000000011001111111010110000001011111001010101101101110011101110001010000110101111010001011101010101010101111001011111100110111100011110000111010001100000110 1110001100001110011011110110010100001110011110110011011110011100100101001010000001111011111111011000001111001011101110111011111101000101110101010001100000010010101001010101000001111101010011110011101101010111000110010110000010010001111011100111001001011000011101011111000101110000010010101001010110100000110001111001011111101011111101001010110011001001110000001111110100010100110100010111001001110000011011001010111010010000101001010001001001101000001101010011000010001101110111001011101110000101001101110100101001101100001010101011101111110001001101011101111111001000000
3 0010101001011000010010110000011100110001011100010000110001111011111110001100010110100010110101111100011111101101011111111101100101011011111101101100111111111101110101010011000100110001010000110000010011111111100101111111011110011100011101011100101011110000011101011000110111011110100000010000111011011000100111101110000010000000111011001001010101010000111110110110011100011110101101100100111010100100011010111010100110000010001110001110000100110100101000100111110000111011110011001000101111001010100011010011100000011111100001100110111110110111011010000110011011100101011 0000000000000000000000000000000000000000000000000000000000000000000000000000000000000000000000000000000000000000000000000000000000000000000000000000000000000000000000000000000000000000000000000000000000000000000000000000000000000000000000000000000000000000000000000000000000000000000000000000000000000000000000000000000000000000000000000000000000000000000000000000000000000000000000000000000000000000000000000000000000000000000000000000000000000000000000000000000000000000000000000000000000000000000000000000000000000000000000000000000000000000000000000000000000000000000 1100000101101100010100000100000011000101011101001001011101110100000110100011100101111000111011100010001001000001101011011101000000111111101101101000110001000001001111111011011000111000000110000011011100011011011010111000011011010100111101100000101011100111010100100000100001111001101001000111101110110100011011001011100000000011011011111010001001111111000001010111010010010111101001010101101010100001111011001110110111000010100101110001100010111011110110101010100101010001101111000011111011111110100100111000110010001011101110011110010010011101000011100000111100101000101
0 1000000111001010011111010100110100001000000101110001010101000000011111101010010100101000111100001001010001110001110011101001110010000011111000011111100111011001011101110101000111101101110100110011000010100010111001000000110000010010101100110110111010111001011101001010000100111111011111010011110000000110001011000010110110010001100010011010101100110011011000011000010001100001010101010111110010101101100001011011101011111100111010011111101011000000000001000010110010000111101111111000000111110100110111011001010110100000111010101101011001011011101000000100011110001100111 1010101000000100011010010010100100000000001001111101111011011010000111000001101100010000110010011111101000101101001010100111010001001100001100011000111001100100101010111010101011001100101111010010101100110000010000110000110110101100011111110111010100101100100101111101111011010010000011010100101010111101110000001011111110111011001110100110110001011101010110000001100110010100010000001011010110111110001101011011011100010100100111111101101001110111101100110110011001101100110100010010101100111011000101110100010010011110001001011001111000110100000111111100000000010011110 0010101111001110000101000110010000001000001100001100101110011010011000101011111000111000001110010110111001011100111001001110100011001111110100000111011110111101110111001111101100100001011011100001101110010010101001110000000110111110110011000001101110010101111000110111111111101101011100000111011010111011111011001001001000101010101100111100011101101110001110011001110111110101000101011100100100010011101100000000110111101000011101100010000010110111101101110100101011101011011011101010101011001111110010101101000100111110110011110100100001101111101111111000011110011111001
1 1000000111001010011111010100110100001000000101110001010101000000011111101010010100101000111100001001010001110001110011101001110010000011111000011111100111011001011101110101000111101101110100110011000010100010111001000000110000010010101100110110111010111001011101001010000100111111011111010011110000000110001011000010110110010001100010011010101100110011011000011000010001100001010101010111110010101101100001011011101011111100111010011111101011000000000001000010110010000111101111111000000111110100110111011001010110100000111010101101011001011011101000000100011110001100111 0000000000000000000000000000000000000000000000000000000000000000000000000000000000000000000000000000000000000000000000000000000000000000000000000000000000000000000000000000000000000000000000000000000000000000000000000000000000000000000000000000000000000000000000000000000000000000000000000000000000000000000000000000000000000000000000000000000000000000000000000000000000000000000000000000000000000000000000000000000000000000000000000000000000000000000000000000000000000000000000000000000000000000000000000000000000000000000000000000000000000000000000000000000000000000000 1100110101000101100010011000001100001110010101001001111100010110100000110100110001111001111001110110100100010101011110000111111110010011001111011001100001100100000111001011111110101000100001011010111110101100011001100100110111000000100010001010010100110011011101110100000000000011110110011010011110000001000110101011001110110111101001111111000001011101010010000111101010001011100011110001101000011001110011110110011101000100110110111100000100011100101111101010100111100111010000001011110000010000010111001011100110001000011010011101000010110000010001000111010001101011010
2 1000000111001010011111010100110100001000000101110001010101000000011111101010010100101000111100001001010001110001110011101001110010000011111000011111100111011001011101110101000111101101110100110011000010100010111001000000110000010010101100110110111010111001011101001010000100111111011111010011110000000110001011000010110110010001100010011010101100110011011000011000010001100001010101010111110010101101100001011011101011111100111010011111101011000000000001000010110010000111101111111000000111110100110111011001010110100000111010101101011001011011101000000100011110001100111 1010101000000100011010010010100100000000001001111101111011011010000111000001101100010000110010011111101000101101001010100111010001001100001100011000111001100100101010111010101011001100101111010010101100110000010000110000110110101100011111110111010100101100100101111101111011010010000011010100101010111101110000001011111110111011001110100110110001011101010110000001100110010100010000001011010110111110001101011011011100010100100111111101101001110111101100110110011001101100110100010010101100111011000101110100010010011110001001011001111000110100000111111100000000010011110 0100101111011100100011010101000011011111000011000111001111110111001001001010000001010000111111100010110011000110101011001010110101011000111000111010001010000010000011011110001111000010010110011101100001001000010010010110101110110010001111101100000001101001110101011001111001111001100011000110101001101000000101100100110111110001001001100011000001100101000110010101001101110101101010100000111100000100100010101101000100100101101110001001000010000000001000001100000111101011111010000001110010011011101110011100101011000100011000101010111001100001000001100101000000101111111
3 1000000111001010011111010100110100001000000101110001010101000000011111101010010100101000111100001001010001110001110011101001110010000011111000011111100111011001011101110101000111101101110100110011000010100010111001000000110000010010101100110110111010111001011101001010000100111111011111010011110000000110001011000010110110010001100010011010101100110011011000011000010001100001010101010111110010101101100001011011101011111100111010011111101011000000000001000010110010000111101111111000000111110100110111011001010110100000111010101101011001011011101000000100011110001100111 0000000000000000000000000000000000000000000000000000000000000000000000000000000000000000000000000000000000000000000000000000000000000000000000000000000000000000000000000000000000000000000000000000000000000000000000000000000000000000000000000000000000000000000000000000000000000000000000000000000000000000000000000000000000000000000000000000000000000000000000000000000000000000000000000000000000000000000000000000000000000000000000000000000000000000000000000000000000000000000000000000000000000000000000000000000000000000000000000000000000000000000000000000000000000000000 1011011001101011011100111101000101111101110100110100100010110101000110111110110110111000100100010000010110000111111001100110111011011111001001111011001100011111111000001010110001010100111001001100101100111101010000010001101100111110100010101111010000010100101100010100100101001110111011011101010110101000010100110010100100100100101101101010111000100100010001101100000110001101001101100011101100011011011001001011001111010010001110101101110000001110010000010110010010101101111101000010110010010111011101111110101001001001110101001101101000111110101111000111101000111101001
0 0100111000011101110101001101110011011110011000101011101101011001111000011110110111101011101001110111110000011001101011100110000100100011010001011000000101011011010111101001111100001000110001100001001101111011111111100110111110100100010111110000001100011010100001100111000011011000011111110101011010111111111100100100100101001010001100000000001100010011101101011100111010001111101100101000001100101010111000111011101000010101011001000100101011111011000111010011101000011101111010110011110000101011000010101111111111001010111100000100010111111101011111011011001000000101001 0110011010100100111001000001100001110110001010111111011110111001000010101011101001000101110100001010001010110111101001010100111111011100000000010110101110110111100001111000100001001111001101011000101110010100000111111110001110000110101000100111001001010010110101110101011100001010011101101000101001111010011011101101000001101011111000011000111011010001110100111111101000011110111100001001010010010010001001110110100101100101011110010100011111011111010111001010110111000100101111001111011010101110011011000011100011100110011011111100000000011011101111100001000100001111111 0010100010111001001100001100010010101000010010010100110011100000111010110101011110101110011101111101111010101110000010110010111011111111010001001110101011101100110110010001011101000111111100111001100011101111111000011000110000100010111111010111000101001000010100010010011111010010000010011101110011000101100111001001100100100001110100011000110111000010011001100011010010010001010000100001011110111000110001001101001101110000000111010000110100100100010000011001011111011001010101111100101010000101011001101100011100101100100111111000010111100110110000111010001100001010110
1 0100111000011101110101001101110011011110011000101011101101011001111000011110110111101011101001110111110000011001101011100110000100100011010001011000000101011011010111101001111100001000110001100001001101111011111111100110111110100100010111110000001100011010100001100111000011011000011111110101011010111111111100100100100101001010001100000000001100010011101101011100111010001111101100101000001100101010111000111011101000010101011001000100101011111011000111010011101000011101111010110011110000101011000010101111111111001010111100000100010111111101011111011011001000000101001 0000000000000000000000000000000000000000000000000000000000000000000000000000000000000000000000000000000000000000000000000000000000000000000000000000000000000000000000000000000000000000000000000000000000000000000000000000000000000000000000000000000000000000000000000000000000000000000000000000000000000000000000000000000000000000000000000000000000000000000000000000000000000000000000000000000000000000000000000000000000000000000000000000000000000000000000000000000000000000000000000000000000000000000000000000000000000000000000000000000000000000000000000000000000000000000 1010001100001001110010010101000011011100101101100101111111011100011001100101010011110101101000001110110010110110010100010011011010101011010101110100000011101101001110101110101000101000100111101000100000010101000000010101111110101101011101101110101000011111101000001111101110011111110111001100010011100000010010100001110000000111100000101011001010001010001010000000000111001000011000100001100111001100011111011000110111010010110101011011100000010010001111001001010100001000000010010001010000110100101101110111011110011010001110000110101001100110000111000011011111000101100
2 0100111000011101110101001101110011011110011000101011101101011001111000011110110111101011101001110111110000011001101011100110000100100011010001011000000101011011010111101001111100001000110001100001001101111011111111100110111110100100010111110000001100011010100001100111000011011000011111110101011010111111111100100100100101001010001100000000001100010011101101011100111010001111101100101000001100101010111000111011101000010101011001000100101011111011000111010011101000011101111010110011110000101011000010101111111111001010111100000100010111111101011111011011001000000101001 0110011010100100111001000001100001110110001010111111011110111001000010101011101001000101110100001010001010110111101001010100111111011100000000010110101110110111100001111000100001001111001101011000101110010100000111111110001110000110101000100111001001010010110101110101011100001010011101101000101001111010011011101101000001101011111000011000111011010001110100111111101000011110111100001001010010010010001001110110100101100101011110010100011111011111010111001010110111000100101111001111011010101110011011000011100011100110011011111100000000011011101111100001000100001111111 1001001001000011100010101000000101101000111101001010011101001100011010010110011001001001001010000101010110100111011101101000110110100110101101111110111110010100000100000110010001111101110011011001111111001110001111110101000110111010000101100110010010011000100101100100100000101111011101110101111110001000100001110100110100000011010100100010101100000011110000110010100110010100111010010110110001010111010000010001101010101000110100111111110100110111011111100010110101111100111111111110111100101011101111000000001100011011010010101001111010011001100010100110101111010110111
3 0100111000011101110101001101110011011110011000101011101101011001111000011110110111101011101001110111110000011001101011100110000100100011010001011000000101011011010111101001111100001000110001100001001101111011111111100110111110100100010111110000001100011010100001100111000011011000011111110101011010111111111100100100100101001010001100000000001100010011101101011100111010001111101100101000001100101010111000111011101000010101011001000100101011111011000111010011101000011101111010110011110000101011000010101111111111001010111100000100010111111101011111011011001000000101001 0000000000000000000000000000000000000000000000000000000000000000000000000000000000000000000000000000000000000000000000000000000000000000000000000000000000000000000000000000000000000000000000000000000000000000000000000000000000000000000000000000000000000000000000000000000000000000000000000000000000000000000000000000000000000000000000000000000000000000000000000000000000000000000000000000000000000000000000000000000000000000000000000000000000000000000000000000000000000000000000000000000000000000000000000000000000000000000000000000000000000000000000000000000000000000000 1011101100001011101101001100010101001100101001111101010011111101100111000001011100001110101101001110000011011011101100111010010011111100101001000100010100001100001011011001110010100001000010100100000000110011110111110001000111110100100111001100000101000110110001110110011001101001101110100010100001101011001001111011011101010100001001011101110101101110111101111100110110100101100000001011011001111001101111111001000101110100010000001011000011101001010101001110111101100000110010001010101000100110110110110101000110000101100111011001010101110001010100001001101100011100011
0 0011011111010010010001001001011110111011111000101110111011010001000101001001111001001110100110100010101001011111100010010001011011101010111110001011101010000101010100101010101110010000010001001101010110000010001000110111110111111011010101100111101011101000100110100011000001111111100111000111100111000011101010100010110011101011100010110011010111001110111010000100110110010111011010011001100011101100101010011101111000110110101110111001111111010101111011011001100010010100111011000000101010110001101101101110101111011001110001010100111000000011001001001100001001000010011 0010011000001010100111001100011010011110111101101010010010110001001011010011010000110011010101110111100111111010001011011001110111010001010010000100100000100110001101110100110010000100011010110001101101111001000000101010110101111100100111000110111100010000010101000110011011010011111100101111111010101011010010000000111011110011011101101011010001001010110001010011100011000110001101110110001010100001111000101011000110011100001110011000111010101011010101011101101010000001101011110000010010100011111100100110111110110000110100101010011000011111110110111101100101110000110 0001000111011000110110000101000100100101000101000100101001100000001110011010101001111101110011010101001110100101101001001000101100111011101100001111001010100011011001011110011100010100001011111100111011111011001000011101000010000111110010100001010111111000110011100101011010101100011011101000011101101000111000100010001000011000111111011000000110000100001011010111010101010001010111101111101001001101010010110110111110101010100000100001000101111110101110000100001000010101010000110000111000010010010001001000010001101001000101111110100000011100111111110001101100110010101
1 0011011111010010010001001001011110111011111000101110111011010001000101001001111001001110100110100010101001011111100010010001011011101010111110001011101010000101010100101010101110010000010001001101010110000010001000110111110111111011010101100111101011101000100110100011000001111111100111000111100111000011101010100010110011101011100010110011010111001110111010000100110110010111011010011001100011101100101010011101111000110110101110111001111111010101111011011001100010010100111011000000101010110001101101101110101111011001110001010100111000000011001001001100001001000010011 0000000000000000000000000000000000000000000000000000000000000000000000000000000000000000000000000000000000000000000000000000000000000000000000000000000000000000000000000000000000000000000000000000000000000000000000000000000000000000000000000000000000000000000000000000000000000000000000000000000000000000000000000000000000000000000000000000000000000000000000000000000000000000000000000000000000000000000000000000000000000000000000000000000000000000000000000000000000000000000000000000000000000000000000000000000000000000000000000000000000000000000000000000000000000000000 0110011000000100001011110101011000111001011111110001001011011111011011110000100010111111110011001111011011100011101110111010001111000100111111100011111001000101100000001000000011010100011001111000011110011001001010010000101111001111010000110111110000010100001111001010001000001011011101101100001111010111101011001011101111101110001011100100001011110110011001110100101010010001101111011111001001111110011100101010110010001010110011100000110111001001100101100011110100101101000100110111000100001100001011000100110001010100111000000011001111010111100111110010011100010100011
2 0011011111010010010001001001011110111011111000101110111011010001000101001001111001001110100110100010101001011111100010010001011011101010111110001011101010000101010100101010101110010000010001001101010110000010001000110111110111111011010101100111101011101000100110100011000001111111100111000111100111000011101010100010110011101011100010110011010111001110111010000100110110010111011010011001100011101100101010011101111000110110101110111001111111010101111011011001100010010100111011000000101010110001101101101110101111011001110001010100111000000011001001001100001001000010011 0010011000001010100111001100011010011110111101101010010010110001001011010011010000110011010101110111100111111010001011011001110111010001010010000100100000100110001101110100110010000100011010110001101101111001000000101010110101111100100111000110111100010000010101000110011011010011111100101111111010101011010010000000111011110011011101101011010001001010110001010011100011000110001101110110001010100001111000101011000110011100001110011000111010101011010101011101101010000001101011110000010010100011111100100110111110110000110100101010011000011111110110111101100101110000110 0101000100101000100110111001111011111011001001110000111001010011100100011001011011100010001100001001000101101011010001100110001100101101000011000100111111101011011100100110010010010000111000001101101111001110001000101010010010110000111111101111001011000100010111111101010100011111011001111111111110110100110111111111110000101111010010001010010110000000011010101000100010101000100101000111010000001001100111100101100010011101010100011101101100100010010011000100101111100000010111011001000000010011010101011000100111101111000111010111111111101101010001101000011100000011011
3 0011011111010010010001001001011110111011111000101110111011010001000101001001111001001110100110100010101001011111100010010001011011101010111110001011101010000101010100101010101110010000010001001101010110000010001000110111110111111011010101100111101011101000100110100011000001111111100111000111100111000011101010100010110011101011100010110011010111001110111010000100110110010111011010011001100011101100101010011101111000110110101110111001111111010101111011011001100010010100111011000000101010110001101101101110101111011001110001010100111000000011001001001100001001000010011 0000000000000000000000000000000000000000000000000000000000000000000000000000000000000000000000000000000000000000000000000000000000000000000000000000000000000000000000000000000000000000000000000000000000000000000000000000000000000000000000000000000000000000000000000000000000000000000000000000000000000000000000000000000000000000000000000000000000000000000000000000000000000000000000000000000000000000000000000000000000000000000000000000000000000000000000000000000000000000000000000000000000000000000000000000000000000000000000000000000000000000000000000000000000000000000 1001110000001110011101101111010001001100110100110101110010111000001110111011100011111101011000000100001011011010100111000001011011011110000110100001100111110000001010111010011000010010100110111100011010000001000100000000100100011011011001001100010011001101110100000100011100110100001101000010110110101001111010000111100001010100000110100001100100010101000000001111101111011110110010100110110010110010011010001100100011110111010110011101101100110111100111101010101101001110110010000000111101100111100110010111000000101000100000111100111010010011010110110111000101101110001
0 0101011101101001000111011000110010100100001010101100110101111110110001111000110000101111111100011001011100011010101010011010111111001101100011100110001000010011110000010100000101000110101010111111011110101001001110000011101111100000010101111011101001100110101111010010000101110010010110110001110111100111000000000001110101000001000001100110101011110111011101000001101001001001001111011100001001100011001111001101110100111111011001001101000011000101001111000010101101001101101010100010110111000101011110000110000010101011100011111000000100111110110111011111000001110000101 0000100111100000011000100110010010000010001000001000010111101000000111001000110110011000011000010100111001010001011000001001100111101100011001001000000011011000110011100010101101000101001110011111101001011110101111010110000000110000110111110010110101000000100110110011110010010000010001111000110110001011000101110010100110100111001111101000110111010110101110000101110100100010001100100010111001100000110111011010000100100111101011010001011010011000111101111110101010101001100101111011111101110001001110101000110001011000101011100011100101001011001011110010101001101111110 0101111010001001011111111110100000100110000010100100100010010110110110110000000110110111100100001101100101001011110010010011011000100001111010101110001011001011000011110110101000000011100100100000110111110111100001010101101111010000100010001001011100100110001001100001110111100010000111001001000001101100000101110011010011100110001110001110011100100001110011000100011101101011000011111110110000000011111000010111110000011000110010011100011001011101110010111100000111100100001111011001001010110100010000101110110011110011001000011011100001110101111100101101101000011111011
1 0101011101101001000111011000110010100100001010101100110101111110110001111000110000101111111100011001011100011010101010011010111111001101100011100110001000010011110000010100000101000110101010111111011110101001001110000011101111100000010101111011101001100110101111010010000101110010010110110001110111100111000000000001110101000001000001100110101011110111011101000001101001001001001111011100001001100011001111001101110100111111011001001101000011000101001111000010101101001101101010100010110111000101011110000110000010101011100011111000000100111110110111011111000001110000101 0000000000000000000000000000000000000000000000000000000000000000000000000000000000000000000000000000000000000000000000000000000000000000000000000000000000000000000000000000000000000000000000000000000000000000000000000000000000000000000000000000000000000000000000000000000000000000000000000000000000000000000000000000000000000000000000000000000000000000000000000000000000000000000000000000000000000000000000000000000000000000000000000000000000000000000000000000000000000000000000000000000000000000000000000000000000000000000000000000000000000000000000000000000000000000000 0000101110111000010000111100000011000011001111010000101000000011000111101100000110000100100111101111111111000000100110010110011111101111010000011000101100001011111010100111110010101100000000101011100101100100000111010110110011110000010101110000100001100001110101100001011110110011011101100101011000011000001100100111101010011100010011011101010001000101001010110101111001000010100011001101011011011011010100111111000000110000111111111010110100001010100001100110010000001000111111110100001010000110100111111111001000011100101011110001101011011011111100010101100101001101101
2 0101011101101001000111011000110010100100001010101100110101111110110001111000110000101111111100011001011100011010101010011010111111001101100011100110001000010011110000010100000101000110101010111111011110101001001110000011101111100000010101111011101001100110101111010010000101110010010110110001110111100111000000000001110101000001000001100110101011110111011101000001101001001001001111011100001001100011001111001101110100111111011001001101000011000101001111000010101101001101101010100010110111000101011110000110000010101011100011111000000100111110110111011111000001110000101 0000100111100000011000100110010010000010001000001000010111101000000111001000110110011000011000010100111001010001011000001001100111101100011001001000000011011000110011100010101101000101001110011111101001011110101111010110000000110000110111110010110101000000100110110011110010010000010001111000110110001011000101110010100110100111001111101000110111010110101110000101110100100010001100100010111001100000110111011010000100100111101011010001011010011000111101111110101010101001100101111011111101110001001110101000110001011000101011100011100101001011001011110010101001101111110 1100001011101010010001101111010101101110000001101111110100110110001000001001010101111101100011100110010101011100111011100100000111000000101100110000001111100100000100001111001110100111011101000001101100001000101001110100110101100000100011010101000011101100111000001011110000111100110000000001110000011101101111000011000001101011000010111100001011010101110000010110011001110011111001000001101111010111010111100000010000101100000110100000011011111001011001001010010010101010111111001101011100101110010001100011101001101010000001110101011100010110100011101011011110011010100
3 0101011101101001000111011000110010100100001010101100110101111110110001111000110000101111111100011001011100011010101010011010111111001101100011100110001000010011110000010100000101000110101010111111011110101001001110000011101111100000010101111011101001100110101111010010000101110010010110110001110111100111000000000001110101000001000001100110101011110111011101000001101001001001001111011100001001100011001111001101110100111111011001001101000011000101001111000010101101001101101010100010110111000101011110000110000010101011100011111000000100111110110111011111000001110000101 0000000000000000000000000000000000000000000000000000000000000000000000000000000000000000000000000000000000000000000000000000000000000000000000000000000000000000000000000000000000000000000000000000000000000000000000000000000000000000000000000000000000000000000000000000000000000000000000000000000000000000000000000000000000000000000000000000000000000000000000000000000000000000000000000000000000000000000000000000000000000000000000000000000000000000000000000000000000000000000000000000000000000000000000000000000000000000000000000000000000000000000000000000000000000000000 1011111111001100101101000101011001110000100110110111011011110000001110100000000011100110111111011001100001010011011010001110000101100100010001011111010100110011100000000111100110101110101110111110001100101110000010011111101100010011001011100011100101011100101110010001101001000011110001000110101100110101001010011110111000001000011101000101110110111101110000001001001100101110011101101101100001011010001011001101111011100000001010011000101110101101100011100111110011011101000011010000010000000000000001101110110111111100110010100100111110101010000101110111001011011111010
0 0001011100111111011101000010010110000110011010100001111111001100111111011100011000000000111010111001111111110100100000101100110001110000100101000101111111110101110000010110101010110011010000110101111110110000101010100000110000010111101100111000011110010110110011011110100111000001110111001110100001110100011001110111100100111010111110101010001011000110111110011111011011101001111111111001111111011101111111111010011000110100010010111110010100101101101011100100110001101011100101101011100110101011111101111011111101100100001010010001111001101011111011101010110001101001011 0010101100100000000000100011101011100001110110101110110010001101110101000111111001101001010110101110001111101101110111100100011001110000111000111001001111011001111100111111011010111101000110001000011100001001111111000001011000010010111010110100111011110100010011010010111111110100011101101001101011000100101100000000011001101001010000000011011010101100111111001010101000011000101111010010011100000000101001100000110110110101001101111111000010101010111001010011010100110100010110101111110101000000001110101101010100011010110101111110111111000111010010100101100011111001010 0011110000011111011101100001111101100111101100001111001101000001001010011011100001101001101100010111110000011001010111001000101000000000011101111100110000101100001100101001110000001110010110111101100010111001010101100001101000000101010110001100100101100010100000001100011000110101101010100111001010110000110101110111111101010011101110101001010001101010000001010101110011110001010000101011100011011101010110011010101110000001011111000001010110000111010010110111100101011111110011000100010011101011110011010110101001111110111111101111000110101100101001001111010010010000001
1 0001011100111111011101000010010110000110011010100001111111001100111111011100011000000000111010111001111111110100100000101100110001110000100101000101111111110101110000010110101010110011010000110101111110110000101010100000110000010111101100111000011110010110110011011110100111000001110111001110100001110100011001110111100100111010111110101010001011000110111110011111011011101001111111111001111111011101111111111010011000110100010010111110010100101101101011100100110001101011100101101011100110101011111101111011111101100100001010010001111001101011111011101010110001101001011 0000000000000000000000000000000000000000000000000000000000000000000000000000000000000000000000000000000000000000000000000000000000000000000000000000000000000000000000000000000000000000000000000000000000000000000000000000000000000000000000000000000000000000000000000000000000000000000000000000000000000000000000000000000000000000000000000000000000000000000000000000000000000000000000000000000000000000000000000000000000000000000000000000000000000000000000000000000000000000000000000000000000000000000000000000000000000000000000000000000000000000000000000000000000000000000 1111000101010110111011100101111100100011111000000111101111010110000110101011110111111111011110110101100111001011011110001100111001001101110101000100100001101100101000111111100010010010010101111001000111110100010010001101001111011011011101001111000101100110010000000010010110100111100101010000000101011110011011100001110010011110010101000111110001001011011001010101000101101110111111101000100110010110111110100011101011100111011111011110000100111110110110100101110001100100100110100001111111100110100101100010110001110100110011010010101000001100100101011100101100100110011
2 0001011100111111011101000010010110000110011010100001111111001100111111011100011000000000111010111001111111110100100000101100110001110000100101000101111111110101110000010110101010110011010000110101111110110000101010100000110000010111101100111000011110010110110011011110100111000001110111001110100001110100011001110111100100111010111110101010001011000110111110011111011011101001111111111001111111011101111111111010011000110100010010111110010100101101101011100100110001101011100101101011100110101011111101111011111101100100001010010001111001101011111011101010110001101001011 0010101100100000000000100011101011100001110110101110110010001101110101000111111001101001010110101110001111101101110111100100011001110000111000111001001111011001111100111111011010111101000110001000011100001001111111000001011000010010111010110100111011110100010011010010111111110100011101101001101011000100101100000000011001101001010000000011011010101100111111001010101000011000101111010010011100000000101001100000110110110101001101111111000010101010111001010011010100110100010110101111110101000000001110101101010100011010110101111110111111000111010010100101100011111001010 1111001110000100000110110101100100110110100010011000101110110110111011011010110011111000000000100001000110101110010111010001010000100010011101011100101110100010110001010001011101111110000010011010110100100111011011111111010011010011010111111000100100111110101110100001110001001101001011001110001011011100011101101101111101111000100000100100010001000110110010101011111001111100000100000101011100011101011100100001110111111100110000110110110101000011000101000011100111000001100001001110010011000111110101111111000000110010011011101100001111100001011111000001101010110000000
3 0001011100111111011101000010010110000110011010100001111111001100111111011100011000000000111010111001111111110100100000101100110001110000100101000101111111110101110000010110101010110011010000110101111110110000101010100000110000010111101100111000011110010110110011011110100111000001110111001110100001110100011001110111100100111010111110101010001011000110111110011111011011101001111111111001111111011101111111111010011000110100010010111110010100101101101011100100110001101011100101101011100110101011111101111011111101100100001010010001111001101011111011101010110001101001011 0000000000000000000000000000000000000000000000000000000000000000000000000000000000000000000000000000000000000000000000000000000000000000000000000000000000000000000000000000000000000000000000000000000000000000000000000000000000000000000000000000000000000000000000000000000000000000000000000000000000000000000000000000000000000000000000000000000000000000000000000000000000000000000000000000000000000000000000000000000000000000000000000000000000000000000000000000000000000000000000000000000000000000000000000000000000000000000000000000000000000000000000000000000000000000000 1010110000100110011011110010100101001110011011000100110001100101111110011110110001110110111111110111000110011001110101110000101011101111101101111110110001000110001100000111110110100000111101011001000111111000000011101100001101100001001001111011010001110000011001100011110010001001000111111101111011110111111001000110100000011110100000100111010100001110111111100001101010110010110111110101011111100111100100010101010101110010111000101110010000011110111101010010001100100100010110011000101011010011110001111100000000011011101101010001011110001011101000100000101111101011101
